<?xml version="1.0" encoding="UTF-8"?><?xml-stylesheet type='text/xsl' href='_UpgradeReport_Files/UpgradeReport.xslt'?><UpgradeLog>
<Properties><Property Name="Solution" Value="Ns2_Trace_File_Visual_Analyser">
</Property><Property Name="Solution File" Value="G:\Projects_in_H_Drive\Ns2_Trace_File_Visual_Analyser\Ns2_Trace_File_Visual_Analyser.sln">
</Property><Property Name="User Options File" Value="G:\Projects_in_H_Drive\Ns2_Trace_File_Visual_Analyser\Ns2_Trace_File_Visual_Analyser.suo">
</Property><Property Name="Date" Value="10 March 2014">
</Property><Property Name="Time" Value="17:13">
</Property></Properties><Event ErrorLevel="0" Project="" Source="Ns2_Trace_File_Visual_Analyser.sln" Description="File successfully backed up as G:\Projects_in_H_Drive\Ns2_Trace_File_Visual_Analyser\Ns2_Trace_File_Visual_Analyser.sln.old">
</Event><Event ErrorLevel="0" Project="" Source="Ns2_Trace_File_Visual_Analyser.suo" Description="File successfully backed up as G:\Projects_in_H_Drive\Ns2_Trace_File_Visual_Analyser\Ns2_Trace_File_Visual_Analyser.suo.old">
</Event><Event ErrorLevel="0" Project="Ns2_Visual_Trace_File_Analyser" Source="Ns2_Visual_Trace_File_Analyser\Ns2_Visual_Trace_File_Analyser.vcproj" Description="Converting project file 'G:\Projects_in_H_Drive\Ns2_Trace_File_Visual_Analyser\Ns2_Visual_Trace_File_Analyser\Ns2_Visual_Trace_File_Analyser.vcproj'.">
</Event><Event ErrorLevel="1" Project="Ns2_Visual_Trace_File_Analyser" Source="Ns2_Visual_Trace_File_Analyser\Ns2_Visual_Trace_File_Analyser.vcproj" Description="VCWebServiceProxyGeneratorTool is no longer supported. The tool has been removed from your project settings.">
</Event><Event ErrorLevel="1" Project="Ns2_Visual_Trace_File_Analyser" Source="Ns2_Visual_Trace_File_Analyser\Ns2_Visual_Trace_File_Analyser.vcproj" Description="Attribute 'CopyLocalDependencies' of 'AssemblyReference' is not supported in this version and has been removed during conversion.">
</Event><Event ErrorLevel="1" Project="Ns2_Visual_Trace_File_Analyser" Source="Ns2_Visual_Trace_File_Analyser\Ns2_Visual_Trace_File_Analyser.vcproj" Description="Attribute 'UseDependenciesInBuild' of 'AssemblyReference' is not supported in this version and has been removed during conversion.">
</Event><Event ErrorLevel="1" Project="Ns2_Visual_Trace_File_Analyser" Source="Ns2_Visual_Trace_File_Analyser\Ns2_Visual_Trace_File_Analyser.vcproj" Description="Attribute 'CopyLocalDependencies' of 'AssemblyReference' is not supported in this version and has been removed during conversion.">
</Event><Event ErrorLevel="1" Project="Ns2_Visual_Trace_File_Analyser" Source="Ns2_Visual_Trace_File_Analyser\Ns2_Visual_Trace_File_Analyser.vcproj" Description="Attribute 'UseDependenciesInBuild' of 'AssemblyReference' is not supported in this version and has been removed during conversion.">
</Event><Event ErrorLevel="1" Project="Ns2_Visual_Trace_File_Analyser" Source="Ns2_Visual_Trace_File_Analyser\Ns2_Visual_Trace_File_Analyser.vcproj" Description="Attribute 'CopyLocalDependencies' of 'AssemblyReference' is not supported in this version and has been removed during conversion.">
</Event><Event ErrorLevel="1" Project="Ns2_Visual_Trace_File_Analyser" Source="Ns2_Visual_Trace_File_Analyser\Ns2_Visual_Trace_File_Analyser.vcproj" Description="Attribute 'UseDependenciesInBuild' of 'AssemblyReference' is not supported in this version and has been removed during conversion.">
</Event><Event ErrorLevel="1" Project="Ns2_Visual_Trace_File_Analyser" Source="Ns2_Visual_Trace_File_Analyser\Ns2_Visual_Trace_File_Analyser.vcproj" Description="Attribute 'CopyLocalDependencies' of 'AssemblyReference' is not supported in this version and has been removed during conversion.">
</Event><Event ErrorLevel="1" Project="Ns2_Visual_Trace_File_Analyser" Source="Ns2_Visual_Trace_File_Analyser\Ns2_Visual_Trace_File_Analyser.vcproj" Description="Attribute 'UseDependenciesInBuild' of 'AssemblyReference' is not supported in this version and has been removed during conversion.">
</Event><Event ErrorLevel="1" Project="Ns2_Visual_Trace_File_Analyser" Source="Ns2_Visual_Trace_File_Analyser\Ns2_Visual_Trace_File_Analyser.vcproj" Description="Attribute 'CopyLocalDependencies' of 'AssemblyReference' is not supported in this version and has been removed during conversion.">
</Event><Event ErrorLevel="1" Project="Ns2_Visual_Trace_File_Analyser" Source="Ns2_Visual_Trace_File_Analyser\Ns2_Visual_Trace_File_Analyser.vcproj" Description="Attribute 'UseDependenciesInBuild' of 'AssemblyReference' is not supported in this version and has been removed during conversion.">
</Event><Event ErrorLevel="1" Project="Ns2_Visual_Trace_File_Analyser" Source="Ns2_Visual_Trace_File_Analyser\Ns2_Visual_Trace_File_Analyser.vcproj" Description="Attribute 'CopyLocalDependencies' of 'AssemblyReference' is not supported in this version and has been removed during conversion.">
</Event><Event ErrorLevel="1" Project="Ns2_Visual_Trace_File_Analyser" Source="Ns2_Visual_Trace_File_Analyser\Ns2_Visual_Trace_File_Analyser.vcproj" Description="Attribute 'UseDependenciesInBuild' of 'AssemblyReference' is not supported in this version and has been removed during conversion.">
</Event><Event ErrorLevel="0" Project="Ns2_Visual_Trace_File_Analyser" Source="Ns2_Visual_Trace_File_Analyser\Ns2_Visual_Trace_File_Analyser.vcproj" Description="Done converting to new project file 'G:\Projects_in_H_Drive\Ns2_Trace_File_Visual_Analyser\Ns2_Visual_Trace_File_Analyser\Ns2_Visual_Trace_File_Analyser.vcxproj'.">
</Event><Event ErrorLevel="3" Project="Ns2_Visual_Trace_File_Analyser" Source="Ns2_Visual_Trace_File_Analyser\Ns2_Visual_Trace_File_Analyser.vcproj" Description="Converted">
</Event><Event ErrorLevel="0" Project="" Source="Ns2_Trace_File_Visual_Analyser.sln" Description="Solution converted successfully">
</Event><Event ErrorLevel="3" Project="" Source="Ns2_Trace_File_Visual_Analyser.sln" Description="Converted">
</Event></UpgradeLog>